businessPartner,addressId,validityStartDate,validityEndDate,addressUuid,addressTimeZone,cityName,country,poBox,poBoxDeviatingCityName,poBoxDeviatingCountry,poBoxDeviatingRegion,poBoxIsWithoutNumber,poBoxLobbyName,poBoxPostalCode,postalCode,region,streetName,taxJurisdiction,transportZone
310000108,4605,2024-04-16 00:00:00+00:00,9999-12-31 23:59:59+00:00,af79c9a3-05bf-1ede-bef9-0812e7757c0e,INDIA,Lake Christopher,IN,,,,,False,,,18589,TS,0171 Rebecca Glen,,
310000109,4607,2024-04-16 00:00:00+00:00,9999-12-31 23:59:59+00:00,af79c9a3-05bf-1ede-bef9-0812e7773c0e,INDIA,,IN,,,,,False,,,67176,RJ,174 Rebekah Mission Apt. 044,,
320000082,9526,2024-11-20 00:00:00+00:00,9999-12-31 23:59:59+00:00,f5c943a9-5d10-1eef-a9e2-b69c310f3c5c,INDIA,,IN,,,,,False,,,,RJ,,,
320000083,9548,2024-11-20 00:00:00+00:00,9999-12-31 23:59:59+00:00,f5c943a9-5d10-1eef-a9e2-b69c310fbc5c,INDIA,West Larry,IN,,,,,False,,,50278,WB,,,
320000085,9552,2024-11-20 00:00:00+00:00,9999-12-31 23:59:59+00:00,f5c943a9-5d10-1eef-a9e2-b69c3110bc5c,INDIA,,IN,,,,,False,,,,MH,,,
320000088,9558,2024-11-20 00:00:00+00:00,9999-12-31 23:59:59+00:00,f5c943a9-5d10-1eef-a9e2-b6bde9573c5c,INDIA,,IN,,,,,False,,,,KA,,,
320000107,9596,2024-11-20 00:00:00+00:00,9999-12-31 23:59:59+00:00,f5c943a9-5d10-1eef-a9e2-b6e52d8b9c5c,INDIA,,IN,,,,,False,,,,OD,,,
320000108,9598,2024-11-20 00:00:00+00:00,9999-12-31 23:59:59+00:00,f5c943a9-5d10-1eef-a9e2-b709d2eafc5c,INDIA,,IN,,,,,False,,,,TN,,,
