businessPartner,customer,businessPartnerCategory,businessPartnerFullName,businessPartnerGrouping,businessPartnerName,correspondenceLanguage,createdByUser,creationDate,firstName,formOfAddress,industry,lastChangeDate,lastName,organizationBpName1,organizationBpName2,businessPartnerIsBlocked,isMarkedForArchiving,creationTime_hours,creationTime_minutes,creationTime_seconds,creationTime_formatted,addressId,validityStartDate,validityEndDate,addressUuid,addressTimeZone,cityName,country,poBox,poBoxDeviatingCityName,poBoxDeviatingCountry,poBoxDeviatingRegion,poBoxIsWithoutNumber,poBoxLobbyName,poBoxPostalCode,postalCode,region,streetName,taxJurisdiction,transportZone,companyCode,accountingClerk,accountingClerkFaxNumber,accountingClerkInternetAddress,accountingClerkPhoneNumber,alternativePayerAccount,paymentBlockingReason,paymentMethodsList,paymentTerms,reconciliationAccount,deletionIndicator,customerAccountGroup
310000108,310000108,2,"Cardenas, Parker and Avila",Y101,"Cardenas, Parker and Avila",,USER750,2024-04-16 00:00:00+00:00,,0003,,2025-06-27 00:00:00+00:00,,"Cardenas, Parker and Avila",,False,False,13,36,43,13:36:43,4605,2024-04-16 00:00:00+00:00,9999-12-31 23:59:59+00:00,af79c9a3-05bf-1ede-bef9-0812e7757c0e,INDIA,Lake Christopher,IN,,,,,False,,,18589,TS,0171 Rebecca Glen,,,ABCD,,,,,,,,,15500010,False,Y101
310000109,310000109,2,Bradley-Kelley,Y101,Bradley-Kelley,,USER750,2024-04-16 00:00:00+00:00,,0003,,2025-11-06 00:00:00+00:00,,Bradley-Kelley,,False,False,13,36,43,13:36:43,4607,2024-04-16 00:00:00+00:00,9999-12-31 23:59:59+00:00,af79c9a3-05bf-1ede-bef9-0812e7773c0e,INDIA,,IN,,,,,False,,,67176,RJ,174 Rebekah Mission Apt. 044,,,ABCD,,,,,,,,,15500010,False,Y101
320000082,320000082,2,Nguyen-Davis,Y102,Nguyen-Davis,,USER108,2024-11-20 00:00:00+00:00,,0003,,2025-09-10 00:00:00+00:00,,Nguyen-Davis,,True,True,13,32,1,13:32:01,9526,2024-11-20 00:00:00+00:00,9999-12-31 23:59:59+00:00,f5c943a9-5d10-1eef-a9e2-b69c310f3c5c,INDIA,,IN,,,,,False,,,,RJ,,,,ABCD,,,,,,,,,15500020,True,Y102
320000083,320000083,2,"Nelson, Fitzpatrick and Jordan",Y102,"Nelson, Fitzpatrick and Jordan",,USER108,2024-11-20 00:00:00+00:00,,0003,,2025-09-11 00:00:00+00:00,,Torres-Williams,Torres-Williams,True,True,13,32,1,13:32:01,9548,2024-11-20 00:00:00+00:00,9999-12-31 23:59:59+00:00,f5c943a9-5d10-1eef-a9e2-b69c310fbc5c,INDIA,West Larry,IN,,,,,False,,,50278,WB,,,,ABCD,,,,,,,,,15500020,True,Y102
320000085,320000085,2,Hawkins Ltd,Y102,Hawkins Ltd,,USER108,2024-11-20 00:00:00+00:00,,0003,,2025-09-11 00:00:00+00:00,,Hawkins Ltd,,True,True,13,32,2,13:32:02,9552,2024-11-20 00:00:00+00:00,9999-12-31 23:59:59+00:00,f5c943a9-5d10-1eef-a9e2-b69c3110bc5c,INDIA,,IN,,,,,False,,,,MH,,,,ABCD,,,,,,,,,15500020,True,Y102
320000088,320000088,2,Flores-Simmons,Y102,Flores-Simmons,,USER108,2024-11-20 00:00:00+00:00,,0003,,2025-09-11 00:00:00+00:00,,Flores-Simmons,,True,True,13,32,2,13:32:02,9558,2024-11-20 00:00:00+00:00,9999-12-31 23:59:59+00:00,f5c943a9-5d10-1eef-a9e2-b6bde9573c5c,INDIA,,IN,,,,,False,,,,KA,,,,ABCD,,,,,,,,,15500020,True,Y102
320000107,320000107,2,"Henderson, Garner and Graves",Y102,"Henderson, Garner and Graves",,USER108,2024-11-20 00:00:00+00:00,,0003,,2025-09-11 00:00:00+00:00,,"Henderson, Garner and Graves",,True,True,13,32,6,13:32:06,9596,2024-11-20 00:00:00+00:00,9999-12-31 23:59:59+00:00,f5c943a9-5d10-1eef-a9e2-b6e52d8b9c5c,INDIA,,IN,,,,,False,,,,OD,,,,ABCD,,,,,,,,Z001,15500020,True,Y102
320000108,320000108,2,Melton Group,Y102,Melton Group,,USER108,2024-11-20 00:00:00+00:00,,0003,,2025-09-11 00:00:00+00:00,,Melton Group,,True,True,13,32,6,13:32:06,9598,2024-11-20 00:00:00+00:00,9999-12-31 23:59:59+00:00,f5c943a9-5d10-1eef-a9e2-b709d2eafc5c,INDIA,,IN,,,,,False,,,,TN,,,,ABCD,,,,,,,,Z001,15500020,True,Y102
